x-position,value
0.0,377.30521091811414
1.0,382.23460410557186
2.0,380.81720430107526
3.0,379.609756097561
4.0,379.43002544529264
5.0,384.26349206349204
6.0,385.9475806451613
7.0,382.0373333333333
8.0,379.59705882352944
9.0,380.7566844919786
10.0,375.6730769230769
11.0,382.7525773195876
12.0,381.73408239700376
13.0,378.6224489795918
14.0,376.37393162393164
15.0,377.7150997150997
16.0,381.92883895131087
17.0,377.83741648106906
18.0,374.85510204081635
19.0,375.4734607218684
20.0,380.34502923976606
21.0,378.2117903930131
22.0,379.6022099447514
23.0,380.4502923976608
24.0,381.8388059701493
25.0,377.25401069518716
26.0,377.5488069414317
27.0,379.9145569620253
28.0,377.8905109489051
29.0,375.25964010282775
30.0,376.6992665036675
31.0,376.78054298642536
32.0,378.31235431235433
33.0,374.69498910675384
34.0,378.2093663911846
35.0,376.6431818181818
36.0,371.9425287356322
37.0,376.28139534883724
38.0,375.60138248847926
39.0,375.204641350211
40.0,378.162037037037
41.0,375.4791666666667
42.0,377.6641414141414
43.0,375.06709956709955
44.0,375.11607142857144
45.0,375.55452436194895
46.0,376.42
47.0,374.5225653206651
48.0,377.0141509433962
49.0,376.09615384615387
50.0,377.1969696969697
51.0,375.30143540669854
52.0,378.8763736263736
53.0,376.47258485639685
54.0,374.5111111111111
55.0,375.93459915611817
56.0,375.24305555555554
57.0,379.85064935064935
58.0,375.0824295010846
59.0,373.66602687140113
60.0,377.88470588235293
61.0,375.0052356020942
62.0,378.40318302387266
63.0,380.0826210826211
64.0,379.37974683544303
65.0,378.8027397260274
66.0,379.47978436657684
67.0,376.7238095238095
68.0,379.5269121813031
69.0,380.75085324232083
70.0,375.64425162689804
71.0,374.4434180138568
72.0,379.3431952662722
73.0,377.38709677419354
74.0,379.6106870229008
75.0,377.0928381962865
76.0,374.85835095137423
77.0,376.15714285714284
78.0,379.08776595744683
79.0,375.1136363636364
80.0,377.5972602739726
81.0,379.37467700258395
82.0,379.04611650485435
83.0,378.51908396946567
84.0,381.0766871165644
85.0,376.6328125
86.0,374.78444444444443
87.0,375.92978208232444
88.0,378.61160714285717
89.0,382.43071161048687
90.0,377.96875
91.0,382.83914209115284
92.0,378.9912790697674
93.0,387.5687203791469
94.0,387.07835820895525
95.0,386.9584905660377
96.0,393.40526315789475
97.0,426.06060606060606
98.0,477.5263157894737
99.0,504.6666666666667
100.0,589.36
101.0,592.0689655172414
102.0,637.5172413793103
103.0,706.3870967741935
104.0,782.8275862068965
105.0,880.8518518518518
106.0,947.0689655172414
107.0,1035.0689655172414
108.0,1128.1333333333334
109.0,1206.6774193548388
110.0,1333.3666666666666
111.0,1408.0
112.0,1496.46875
113.0,1619.84375
114.0,1706.969696969697
115.0,1758.6470588235295
116.0,1895.6969696969697
117.0,1952.4117647058824
118.0,2047.7941176470588
119.0,2203.1875
120.0,2228.9411764705883
121.0,2379.151515151515
122.0,2481.4545454545455
123.0,2625.212121212121
124.0,2685.5454545454545
125.0,2824.4545454545455
126.0,2950.6363636363635
127.0,3157.1612903225805
128.0,3279.4193548387098
129.0,3384.451612903226
130.0,3369.3225806451615
131.0,3376.3225806451615
132.0,3296.1290322580644
133.0,3152.71875
134.0,3107.09375
135.0,3088.8064516129034
136.0,2995.733333333333
137.0,2850.8709677419356
138.0,2817.266666666667
139.0,2663.0666666666666
140.0,2477.7
141.0,2279.8
142.0,2205.1428571428573
143.0,2069.740740740741
144.0,1917.0
145.0,1750.12
146.0,1626.0434782608695
147.0,1482.3333333333333
148.0,1278.5
149.0,1016.8
150.0,751.25
151.0,551.95
152.0,424.92537313432837
153.0,392.764367816092
154.0,385.43983402489624
155.0,383.65384615384613
156.0,386.1604938271605
157.0,382.55627009646304
158.0,383.9070796460177
159.0,375.1600985221675
160.0,373.3982683982684
161.0,376.11590296495956
162.0,374.96495327102804
163.0,373.7772151898734
164.0,374.8531468531468
165.0,375.7120181405896
166.0,376.3005780346821
167.0,374.8975409836066
168.0,373.56053811659194
169.0,373.4182242990654
170.0,375.0114613180516
171.0,380.8354037267081
172.0,371.38584474885846
173.0,379.53133514986376
174.0,372.0022573363431
175.0,375.27047146401986
176.0,376.2364066193853
177.0,376.38924731182794
178.0,376.02941176470586
179.0,373.95550351288057
180.0,372.5720430107527
181.0,374.56876456876455
182.0,373.83668341708545
183.0,378.1671641791045
184.0,371.9197247706422
185.0,374.3724137931035
186.0,372.86650485436894
187.0,372.70080862533695
188.0,375.2401055408971
189.0,375.89208633093523
190.0,378.09068010075566
191.0,372.6052060737527
192.0,379.4423076923077
193.0,372.6919642857143
194.0,374.8568075117371
195.0,374.52525252525254
196.0,370.5178947368421
197.0,372.55555555555554
198.0,373.1640449438202
199.0,382.73858921161826
200.0,373.61498708010333
201.0,372.7951807228916
202.0,374.635
203.0,374.5833333333333
204.0,373.0095923261391
205.0,368.5811088295688
206.0,371.4340044742729
207.0,372.55309734513276
208.0,373.79265091863516
209.0,373.5055187637969
210.0,374.0806451612903
211.0,373.95594713656385
212.0,376.34935897435895
213.0,372.82238442822387
214.0,373.3181818181818
215.0,373.2838137472284
216.0,374.59274193548384
217.0,374.09669211195927
218.0,373.7193396226415
219.0,371.1185031185031
220.0,373.1679389312977
221.0,377.74869109947645
222.0,377.53745928338765
223.0,376.4504950495049
224.0,372.3448275862069
225.0,375.8802083333333
226.0,375.264367816092
227.0,371.4306220095694
228.0,377.9099378881988
229.0,374.47222222222223
230.0,375.4638949671772
231.0,378.48442906574394
232.0,377.7613941018767
233.0,373.34090909090907
234.0,372.6637554585153
235.0,374.5394402035623
236.0,376.58378378378376
237.0,370.73217726396916
238.0,373.433242506812
239.0,373.6563245823389
240.0,377.07062146892656
241.0,374.08474576271186
242.0,373.33842794759823
243.0,372.6096997690531
244.0,372.63978494623655
245.0,374.03695150115476
246.0,370.9320843091335
247.0,372.50602409638554
248.0,376.0734908136483
249.0,376.52830188679246
250.0,373.0862831858407
251.0,373.4739454094293
252.0,374.435960591133
253.0,373.13548387096773
254.0,374.130081300813
255.0,374.63422818791946
256.0,378.64666666666665
257.0,375.35843373493975
258.0,372.27868852459017
259.0,369.6756756756757
260.0,375.90714285714284
261.0,372.0620842572062
262.0,375.26933333333335
263.0,375.95380434782606
264.0,371.6666666666667
265.0,373.96315789473687
266.0,378.3653136531365
267.0,372.01573033707865
268.0,374.1443736730361
269.0,371.220202020202
270.0,375.25558312655085
271.0,373.9191011235955
272.0,375.3407960199005
273.0,372.58082191780824
274.0,371.9352517985611
275.0,371.6355748373102
276.0,373.6507592190889
277.0,373.9630606860158
278.0,374.1372549019608
279.0,371.3536299765808
280.0,373.01918465227817
281.0,373.28539325842695
282.0,376.91812865497076
283.0,374.9187675070028
284.0,369.9282868525896
285.0,371.8627906976744
286.0,374.44919786096256
287.0,374.811797752809
288.0,377.3789173789174
289.0,373.7838479809976
290.0,375.6846652267819
291.0,375.4951219512195
292.0,370.7505154639175
293.0,373.5220588235294
294.0,372.35185185185185
295.0,369.9204081632653
296.0,373.0769230769231
297.0,371.092050209205
298.0,374.9770642201835
299.0,371.6807610993657
300.0,373.48533333333336
301.0,373.2821782178218
302.0,372.5736040609137
303.0,370.57142857142856
304.0,367.58316221765915
305.0,374.9817708333333
306.0,371.163829787234
307.0,370.7761904761905
308.0,368.5355648535565
309.0,372.15862068965515
310.0,374.0366748166259
311.0,373.18639798488664
312.0,374.15843621399176
313.0,374.93203883495147
314.0,374.264192139738
315.0,373.83725910064237
316.0,374.7605263157895
317.0,377.4825327510917
318.0,374.43896103896105
319.0,370.83369330453564
320.0,372.3904761904762
321.0,374.60987654320985
322.0,372.9680365296804
323.0,374.6826484018265
324.0,373.96774193548384
325.0,374.26342710997443
326.0,374.8365650969529
327.0,377.5726495726496
328.0,372.8763557483731
329.0,373.92017738359203
330.0,378.5529411764706
331.0,372.20168067226894
332.0,374.16129032258067
333.0,371.9977777777778
334.0,373.40841584158414
335.0,374.1034482758621
336.0,375.39444444444445
337.0,374.7337962962963
338.0,373.7632183908046
339.0,369.8950749464668
340.0,375.6902887139108
341.0,376.14797136038186
342.0,371.37697516930024
343.0,374.7139423076923
344.0,373.36036036036035
345.0,377.514450867052
346.0,372.07805907172997
347.0,376.5883905013193
348.0,370.87581699346407
349.0,372.5309917355372
350.0,374.6657608695652
351.0,380.48605577689244
352.0,379.1111111111111
353.0,373.9977728285078
354.0,372.94065934065935
355.0,372.62894736842105
356.0,372.7657430730479
357.0,375.688679245283
358.0,374.6384039900249
359.0,376.8157894736842
360.0,378.07142857142856
361.0,380.0868167202572
362.0,375.4935400516796
363.0,374.16183574879227
364.0,374.4234693877551
365.0,372.5813953488372
366.0,374.8767123287671
367.0,374.3915211970075
368.0,373.32530120481925
369.0,377.28395061728395
370.0,377.68508287292815
371.0,376.529262086514
372.0,372.0973451327434
373.0,372.10574712643677
374.0,373.10917030567686
375.0,374.4622871046229
376.0,376.0482573726542
377.0,372.6
378.0,374.9083557951482
379.0,382.2142857142857
380.0,378.7190082644628
381.0,377.5362776025237
382.0,376.35057471264366
383.0,374.87262872628725
384.0,376.30337078651684
385.0,369.8366890380313
386.0,374.61737089201876
387.0,381.99619771863115
388.0,374.9739583333333
389.0,374.1729490022173
390.0,380.0494296577947
391.0,380.07530120481925
392.0,373.35011441647595
393.0,381.2449438202247
394.0,374.26485148514854
395.0,372.0023255813953
396.0,373.46949602122015
397.0,373.8328981723238
398.0,372.7788844621514
399.0,373.87745098039215
400.0,375.1051051051051
401.0,374.73937677053823
402.0,381.9035714285714
403.0,371.0945945945946
404.0,378.6516129032258
405.0,373.4936974789916
406.0,370.0695296523517
407.0,373.2751842751843
408.0,373.51146788990826
409.0,373.4699738903394
410.0,383.7047619047619
411.0,376.8767123287671
412.0,377.1524064171123
413.0,373.37142857142857
414.0,380.9008620689655
415.0,384.97747747747746
416.0,378.31111111111113
417.0,375.50515463917526
418.0,377.6823529411765
419.0,381.32738095238096
420.0,376.54371584699453
421.0,384.85769230769233
422.0,382.7279411764706
423.0,387.83684210526314
424.0,378.44135802469134
425.0,381.297385620915
426.0,385.61206896551727
427.0,389.9015544041451
428.0,387.4811715481172
429.0,388.26794258373207
430.0,389.5598086124402
431.0,392.121546961326
432.0,407.0695652173913
433.0,403.46363636363634
434.0,411.7368421052632
435.0,430.93220338983053
436.0,433.11290322580646
437.0,429.3636363636364
438.0,470.8536585365854
439.0,476.8536585365854
440.0,493.35
441.0,503.8
442.0,533.3666666666667
443.0,525.081081081081
444.0,570.3548387096774
445.0,576.258064516129
446.0,608.516129032258
447.0,601.8235294117648
448.0,639.9375
449.0,644.6363636363636
450.0,680.34375
451.0,696.969696969697
452.0,730.3125
453.0,739.71875
454.0,787.1290322580645
455.0,791.0
456.0,839.516129032258
457.0,876.9677419354839
458.0,873.8484848484849
459.0,919.84375
460.0,982.8709677419355
461.0,1023.2758620689655
462.0,1012.71875
463.0,1100.483870967742
464.0,1085.5625
465.0,1123.4242424242425
466.0,1175.3939393939395
467.0,1215.96875
468.0,1241.3636363636363
469.0,1297.90625
470.0,1358.7096774193549
471.0,1390.15625
472.0,1403.84375
473.0,1474.5625
474.0,1504.84375
475.0,1497.4545454545455
476.0,1549.8484848484848
477.0,1564.909090909091
478.0,1638.09375
479.0,1647.090909090909
480.0,1700.3125
481.0,1693.5757575757575
482.0,1696.375
483.0,1790.375
484.0,1804.2903225806451
485.0,1798.75
486.0,1809.34375
487.0,1797.6969696969697
488.0,1853.7096774193549
489.0,1857.59375
490.0,1842.15625
491.0,1852.71875
492.0,1863.78125
493.0,1880.0967741935483
494.0,1866.1612903225807
495.0,1877.032258064516
496.0,1843.8709677419354
497.0,1804.21875
498.0,1835.2
499.0,1751.5151515151515
500.0,1797.4193548387098
501.0,1748.6875
502.0,1732.875
503.0,1726.5483870967741
504.0,1721.8666666666666
505.0,1674.774193548387
506.0,1663.2
507.0,1638.1935483870968
508.0,1594.483870967742
509.0,1635.3
510.0,1548.625
511.0,1527.1612903225807
512.0,1538.4666666666667
513.0,1505.2903225806451
514.0,1497.4666666666667
515.0,1478.5666666666666
516.0,1438.516129032258
517.0,1434.225806451613
518.0,1435.9666666666667
519.0,1412.0967741935483
520.0,1375.8709677419354
521.0,1411.4666666666667
522.0,1374.2903225806451
523.0,1359.2903225806451
524.0,1323.3870967741937
525.0,1328.6333333333334
526.0,1306.032258064516
527.0,1300.6774193548388
528.0,1252.84375
529.0,1280.4666666666667
530.0,1249.34375
531.0,1242.2903225806451
532.0,1240.9032258064517
533.0,1243.3666666666666
534.0,1217.1935483870968
535.0,1192.6129032258063
536.0,1187.741935483871
537.0,1191.225806451613
538.0,1132.40625
539.0,1132.25
540.0,1148.2666666666667
541.0,1161.5862068965516
542.0,1117.7666666666667
543.0,1132.2142857142858
544.0,1090.103448275862
545.0,1076.1666666666667
546.0,1041.6451612903227
547.0,1062.0
548.0,1007.34375
549.0,995.3870967741935
550.0,1012.3666666666667
551.0,991.8333333333334
552.0,986.96875
553.0,962.3125
554.0,931.8709677419355
555.0,936.90625
556.0,917.59375
557.0,938.5333333333333
558.0,899.09375
559.0,908.1
560.0,908.8965517241379
561.0,874.5806451612904
562.0,886.5333333333333
563.0,870.0
564.0,857.5625
565.0,803.6363636363636
566.0,830.3333333333334
567.0,843.6206896551724
568.0,801.1
569.0,806.7333333333333
570.0,781.0
571.0,782.8387096774194
572.0,800.9629629629629
573.0,752.3
574.0,757.4827586206897
575.0,734.7333333333333
576.0,709.1935483870968
577.0,715.5862068965517
578.0,704.9
579.0,691.6206896551724
580.0,666.2258064516129
581.0,679.0
582.0,643.78125
583.0,659.8275862068965
584.0,665.6428571428571
585.0,655.8888888888889
586.0,621.9310344827586
587.0,636.0714285714286
588.0,612.3
589.0,590.0
590.0,590.8666666666667
591.0,589.0
592.0,582.8
593.0,571.516129032258
594.0,573.1428571428571
595.0,553.5
596.0,546.84375
597.0,554.1071428571429
598.0,526.0
599.0,523.125
600.0,502.57894736842104
601.0,492.5
602.0,502.93939393939394
603.0,472.5744680851064
604.0,488.80645161290323
605.0,476.94444444444446
606.0,456.8863636363636
607.0,462.46666666666664
608.0,426.68918918918916
609.0,467.6111111111111
610.0,446.0208333333333
611.0,422.36708860759495
612.0,419.36708860759495
613.0,415.0
614.0,418.4533333333333
615.0,405.5229357798165
616.0,412.52
617.0,416.3157894736842
618.0,396.5424836601307
619.0,404.6132075471698
620.0,399.6466165413534
621.0,409.5974025974026
622.0,396.06040268456377
623.0,400.875
624.0,406.08988764044943
625.0,397.1865671641791
626.0,403.4552845528455
627.0,395.34
628.0,396.6231884057971
629.0,393.85135135135135
630.0,389.529702970297
631.0,385.5619469026549
632.0,393.1459854014599
633.0,384.8099547511312
634.0,389.5903614457831
635.0,379.8980263157895
636.0,391.9622641509434
637.0,382.2148148148148
638.0,391.1730769230769
639.0,384.9054054054054
640.0,386.77127659574467
641.0,385.58851674641147
642.0,383.5866141732283
643.0,391.8541666666667
644.0,385.3959390862944
645.0,385.70661157024796
646.0,390.55555555555554
647.0,387.69958847736626
648.0,381.1516587677725
649.0,378.9744525547445
650.0,381.2312925170068
651.0,389.375
652.0,389.8
653.0,384.44664031620556
654.0,379.37920489296636
655.0,394.7802197802198
656.0,377.7738095238095
657.0,385.03389830508473
658.0,379.2148148148148
659.0,380.42960288808666
660.0,379.72592592592594
661.0,378.9249146757679
662.0,376.34976525821594
663.0,379.0098360655738
664.0,381.1283018867924
665.0,377.9719101123595
666.0,381.75
667.0,379.4066666666667
668.0,376.1171662125341
669.0,371.8305084745763
670.0,376.75
671.0,377.7632311977716
672.0,377.1655844155844
673.0,386.7544910179641
674.0,377.4172413793103
675.0,374.3952879581152
676.0,372.7469879518072
677.0,378.1017543859649
678.0,376.3612440191388
679.0,375.6550925925926
680.0,374.12895377128956
681.0,374.22330097087377
682.0,373.8945054945055
683.0,375.44736842105266
684.0,378.1099290780142
685.0,375.9440389294404
686.0,377.0996441281139
687.0,376.33933933933935
688.0,377.7529411764706
689.0,373.4470588235294
690.0,373.8828337874659
691.0,377.96501457725947
692.0,373.5620437956204
693.0,378.11436170212767
694.0,374.0
695.0,376.7091412742382
696.0,374.7688311688312
697.0,378.93150684931504
698.0,369.8362445414847
699.0,379.1182795698925
700.0,375.2750642673522
701.0,375.1043956043956
702.0,378.7773722627737
703.0,371.7368421052632
704.0,377.19783197831975
705.0,376.99457994579944
706.0,376.6236263736264
707.0,372.6019184652278
708.0,374.54976303317534
709.0,375.86507936507934
710.0,375.0570071258907
711.0,374.17424242424244
712.0,381.8355263157895
713.0,375.11959287531806
714.0,375.23646723646726
715.0,372.69789227166274
716.0,374.5257985257985
717.0,373.80053908355796
718.0,371.1051546391753
719.0,370.0374707259953
720.0,372.5098039215686
721.0,372.1156626506024
722.0,373.12145748987854
723.0,375.4554973821989
724.0,374.7165775401069
725.0,374.235
726.0,372.04719101123595
727.0,374.64054054054054
728.0,377.8020833333333
729.0,371.6157112526539
730.0,371.7692307692308
731.0,374.3351498637602
732.0,372.5263157894737
733.0,369.6007984031936
734.0,375.775
735.0,372.48445595854923
736.0,373.4168797953964
737.0,375.63380281690144
738.0,377.63578274760386
739.0,375.0610465116279
740.0,368.64653243847874
741.0,371.005905511811
742.0,379.8067226890756
743.0,373.66925064599485
744.0,374.8929577464789
745.0,378.1311053984576
746.0,371.8694779116466
747.0,368.50369003690037
748.0,373.07888631090486
749.0,374.1368909512761
750.0,373.83870967741933
751.0,371.8397565922921
752.0,373.27477477477476
753.0,371.54185022026434
754.0,374.351966873706
755.0,374.7577777777778
756.0,373.5068181818182
757.0,374.04
758.0,377.3474801061008
759.0,374.1653333333333
760.0,374.35942028985505
761.0,379.78591549295777
762.0,377.4812680115274
763.0,372.46454767726163
764.0,379.95238095238096
765.0,373.5484693877551
766.0,374.0244498777506
767.0,376.02133333333336
768.0,373.6258205689278
769.0,377.5178082191781
770.0,376.60483870967744
771.0,375.3081570996979
772.0,377.30670103092785
773.0,377.15384615384613
774.0,381.9890510948905
775.0,385.37974683544303
776.0,379.8068181818182
777.0,379.68224299065423
778.0,382.5798319327731
779.0,382.74793388429754
780.0,376.1234256926952
781.0,379.88358208955225
782.0,384.77064220183485
783.0,379.7408637873754
784.0,390.0263157894737
785.0,378.75815217391306
786.0,384.8320610687023
787.0,382.2572463768116
788.0,391.0112359550562
789.0,398.3576158940397
790.0,391.4421052631579
791.0,405.6311475409836
792.0,404.8811881188119
793.0,397.16847826086956
794.0,398.5347593582888
795.0,407.3252032520325
796.0,412.82758620689657
797.0,422.05405405405406
798.0,441.4909090909091
799.0,434.3611111111111
800.0,449.5357142857143
801.0,466.5217391304348
802.0,457.4642857142857
803.0,489.2307692307692
804.0,484.7906976744186
805.0,495.609756097561
806.0,530.3333333333334
807.0,526.9459459459459
808.0,553.7941176470588
809.0,565.5
810.0,545.1794871794872
811.0,585.4117647058823
812.0,605.3636363636364
813.0,617.3939393939394
814.0,612.6
815.0,644.6666666666666
816.0,657.84375
817.0,654.5714285714286
818.0,679.939393939394
819.0,687.09375
820.0,711.1818181818181
821.0,711.7142857142857
822.0,731.969696969697
823.0,773.3939393939394
824.0,785.3225806451613
825.0,808.3333333333334
826.0,825.5454545454545
827.0,840.6666666666666
828.0,872.5294117647059
829.0,888.939393939394
830.0,930.1515151515151
831.0,911.0833333333334
832.0,984.4242424242424
833.0,1061.0967741935483
834.0,1057.4857142857143
835.0,1106.2571428571428
836.0,1179.7878787878788
837.0,1240.46875
838.0,1303.030303030303
839.0,1354.2058823529412
840.0,1426.1515151515152
841.0,1539.2121212121212
842.0,1610.7575757575758
843.0,1653.6571428571428
844.0,1820.7941176470588
845.0,1968.875
846.0,2109.125
847.0,2221.121212121212
848.0,2323.205882352941
849.0,2541.03125
850.0,2735.34375
851.0,2792.470588235294
852.0,3071.8125
853.0,3206.121212121212
854.0,3375.6060606060605
855.0,3579.181818181818
856.0,3806.060606060606
857.0,4039.848484848485
858.0,4152.0
859.0,4417.424242424242
860.0,4697.545454545455
861.0,4911.818181818182
862.0,5085.454545454545
863.0,5427.30303030303
864.0,5601.939393939394
865.0,5755.588235294118
866.0,6086.242424242424
867.0,6368.181818181818
868.0,6565.393939393939
869.0,6844.090909090909
870.0,7083.878787878788
871.0,7491.375
872.0,7635.484848484848
873.0,8005.5
874.0,8221.34375
875.0,8406.125
876.0,8572.6875
877.0,8763.125
878.0,8979.6875
879.0,9210.4375
880.0,9399.741935483871
881.0,9444.03125
882.0,9651.03125
883.0,9717.15625
884.0,9907.0
885.0,10165.548387096775
886.0,10254.709677419354
887.0,10141.9375
888.0,10467.677419354839
889.0,10565.967741935483
890.0,10631.774193548386
891.0,10635.225806451614
892.0,10608.709677419354
893.0,10504.875
894.0,10341.151515151516
895.0,10544.9375
896.0,10858.225806451614
897.0,10710.0
898.0,10588.484848484848
899.0,10859.8125
900.0,10716.272727272728
901.0,10781.484848484848
902.0,11119.4375
903.0,11217.1875
904.0,11332.09375
905.0,11386.28125
906.0,11619.129032258064
907.0,11240.09375
908.0,11109.375
909.0,10902.71875
910.0,10881.161290322581
911.0,10489.875
912.0,10212.84375
913.0,9995.59375
914.0,9810.548387096775
915.0,9337.1875
916.0,9208.41935483871
917.0,9033.2
918.0,8639.566666666668
919.0,8256.666666666666
920.0,7816.266666666666
921.0,7408.333333333333
922.0,7174.689655172414
923.0,6790.827586206897
924.0,6424.137931034483
925.0,5929.0344827586205
926.0,5634.5
927.0,5067.533333333334
928.0,4730.8
929.0,4548.033333333334
930.0,4278.645161290323
931.0,4133.4838709677415
932.0,3985.935483870968
933.0,3840.2903225806454
934.0,3735.8333333333335
935.0,3567.3870967741937
936.0,3411.451612903226
937.0,3357.4
938.0,3298.689655172414
939.0,3194.4137931034484
940.0,2951.3225806451615
941.0,2803.0
942.0,2640.15625
943.0,2639.2
944.0,2545.3225806451615
945.0,2454.967741935484
946.0,2337.3225806451615
947.0,2247.1612903225805
948.0,2226.5862068965516
949.0,2084.483870967742
950.0,2043.1333333333334
951.0,1952.8666666666666
952.0,1873.5483870967741
953.0,1815.3333333333333
954.0,1749.5806451612902
955.0,1692.741935483871
956.0,1660.3666666666666
957.0,1575.2903225806451
958.0,1500.4375
959.0,1468.741935483871
960.0,1455.6333333333334
961.0,1389.3666666666666
962.0,1337.2
963.0,1298.2903225806451
964.0,1270.1666666666667
965.0,1229.5333333333333
966.0,1177.4
967.0,1122.6129032258063
968.0,1168.8214285714287
969.0,1063.258064516129
970.0,1059.3103448275863
971.0,991.15625
972.0,1023.1071428571429
973.0,980.1333333333333
974.0,973.448275862069
975.0,921.1666666666666
976.0,887.8666666666667
977.0,859.625
978.0,848.0333333333333
979.0,867.6428571428571
980.0,807.5806451612904
981.0,784.2903225806451
982.0,776.7
983.0,759.1612903225806
984.0,756.9310344827586
985.0,726.4375
986.0,738.9310344827586
987.0,721.6333333333333
988.0,697.5806451612904
989.0,687.6774193548387
990.0,698.8333333333334
991.0,693.8
992.0,689.1111111111111
993.0,651.9677419354839
994.0,651.9
995.0,628.3548387096774
996.0,656.2962962962963
997.0,636.0666666666667
998.0,653.7037037037037
999.0,618.1290322580645
1000.0,626.0333333333333
1001.0,600.6363636363636
1002.0,601.3870967741935
1003.0,611.6071428571429
1004.0,588.09375
1005.0,579.258064516129
1006.0,585.4333333333333
1007.0,599.9
1008.0,590.1666666666666
1009.0,570.6176470588235
1010.0,580.8666666666667
1011.0,601.7037037037037
1012.0,572.2258064516129
1013.0,572.8333333333334
1014.0,558.9333333333333
1015.0,579.6666666666666
1016.0,533.9142857142857
1017.0,556.21875
1018.0,565.9655172413793
1019.0,552.0
1020.0,545.3333333333334
1021.0,553.1379310344828
1022.0,552.2758620689655
1023.0,546.6451612903226
1024.0,546.1724137931035
1025.0,543.21875
1026.0,530.5151515151515
1027.0,523.75
1028.0,544.0
1029.0,549.6896551724138
1030.0,527.3529411764706
1031.0,550.3703703703703
1032.0,498.219512195122
1033.0,539.7142857142857
1034.0,493.56410256410254
1035.0,505.7142857142857
1036.0,521.6
1037.0,514.5666666666667
1038.0,504.2647058823529
1039.0,513.551724137931
1040.0,521.8275862068965
1041.0,472.1860465116279
1042.0,495.27777777777777
1043.0,497.55882352941177
1044.0,489.0810810810811
1045.0,453.7083333333333
1046.0,488.9230769230769
1047.0,507.258064516129
1048.0,484.4594594594595
1049.0,504.741935483871
1050.0,494.2258064516129
1051.0,475.0263157894737
1052.0,477.4651162790698
1053.0,460.54347826086956
1054.0,464.46666666666664
1055.0,470.3076923076923
1056.0,459.04545454545456
1057.0,461.0869565217391
1058.0,450.72549019607845
1059.0,477.1666666666667
1060.0,455.5777777777778
1061.0,458.9130434782609
1062.0,451.52
1063.0,457.1063829787234
1064.0,455.27272727272725
1065.0,460.3181818181818
1066.0,442.91379310344826
1067.0,448.2708333333333
1068.0,463.2
1069.0,454.27272727272725
1070.0,455.95
1071.0,433.78333333333336
1072.0,412.59183673469386
1073.0,433.0983606557377
1074.0,421.9154929577465
1075.0,435.3454545454546
1076.0,410.8196721311475
1077.0,414.42424242424244
1078.0,417.0853658536585
1079.0,417.0
1080.0,404.12698412698415
1081.0,416.3625
1082.0,408.4117647058824
1083.0,418.37179487179486
1084.0,424.2923076923077
1085.0,422.82142857142856
1086.0,409.81
1087.0,435.0
1088.0,422.30555555555554
1089.0,417.43333333333334
1090.0,421.05882352941177
1091.0,458.85714285714283
1092.0,468.6363636363636
1093.0,460.8723404255319
1094.0,472.7073170731707
1095.0,473.4468085106383
1096.0,500.1666666666667
1097.0,491.52272727272725
1098.0,530.4375
1099.0,536.2352941176471
1100.0,566.75
1101.0,596.03125
1102.0,623.6363636363636
1103.0,654.15625
1104.0,679.5625
1105.0,692.4
1106.0,736.1212121212121
1107.0,765.939393939394
1108.0,804.1818181818181
1109.0,838.8787878787879
1110.0,893.4375
1111.0,930.9354838709677
1112.0,977.46875
1113.0,999.4848484848485
1114.0,1028.2
1115.0,1069.1764705882354
1116.0,1182.21875
1117.0,1215.5
1118.0,1276.7272727272727
1119.0,1323.030303030303
1120.0,1375.71875
1121.0,1485.1935483870968
1122.0,1510.5151515151515
1123.0,1556.0
1124.0,1651.483870967742
1125.0,1675.6875
1126.0,1697.40625
1127.0,1740.15625
1128.0,1785.2424242424242
1129.0,1778.7878787878788
1130.0,1870.46875
1131.0,1834.5588235294117
1132.0,1906.5454545454545
1133.0,1930.6666666666667
1134.0,1978.34375
1135.0,1994.78125
1136.0,2031.6774193548388
1137.0,2098.9333333333334
1138.0,2119.1935483870966
1139.0,2101.7419354838707
1140.0,2094.75
1141.0,2069.5625
1142.0,2089.5
1143.0,2117.4193548387098
1144.0,2191.0
1145.0,2137.9032258064517
1146.0,2110.53125
1147.0,2204.8387096774195
1148.0,2225.548387096774
1149.0,2211.6129032258063
1150.0,2308.366666666667
1151.0,2226.0625
1152.0,2288.6666666666665
1153.0,2284.9032258064517
1154.0,2287.4
1155.0,2282.8387096774195
1156.0,2284.7096774193546
1157.0,2289.9032258064517
1158.0,2259.25
1159.0,2264.032258064516
1160.0,2286.032258064516
1161.0,2233.0625
1162.0,2293.8387096774195
1163.0,2323.064516129032
1164.0,2313.03125
1165.0,2333.03125
1166.0,2388.064516129032
1167.0,2360.3125
1168.0,2393.967741935484
1169.0,2452.4333333333334
1170.0,2371.09375
1171.0,2443.71875
1172.0,2468.3870967741937
1173.0,2429.3030303030305
1174.0,2563.064516129032
1175.0,2580.6774193548385
1176.0,2583.1290322580644
1177.0,2599.34375
1178.0,2603.4375
1179.0,2699.6774193548385
1180.0,2637.84375
1181.0,2655.090909090909
1182.0,2671.34375
1183.0,2673.78125
1184.0,2713.28125
1185.0,2794.8709677419356
1186.0,2745.96875
1187.0,2822.3225806451615
1188.0,2824.6774193548385
1189.0,2821.0
1190.0,2833.0
1191.0,2856.7419354838707
1192.0,2891.6774193548385
1193.0,2817.060606060606
1194.0,2985.6666666666665
1195.0,2962.0967741935483
1196.0,2930.2580645161293
1197.0,2920.09375
1198.0,2944.8064516129034
1199.0,2948.366666666667
1200.0,2907.2580645161293
1201.0,2808.125
1202.0,2758.71875
1203.0,2724.75
1204.0,2779.5666666666666
1205.0,2701.064516129032
1206.0,2621.3548387096776
1207.0,2575.1935483870966
1208.0,2545.0967741935483
1209.0,2560.689655172414
1210.0,2451.266666666667
1211.0,2409.2
1212.0,2399.551724137931
1213.0,2266.3
1214.0,2248.5
1215.0,2170.866666666667
1216.0,2174.9666666666667
1217.0,2151.9333333333334
1218.0,2123.1666666666665
1219.0,2119.133333333333
1220.0,2092.1612903225805
1221.0,2088.6774193548385
1222.0,2121.1290322580644
1223.0,2164.516129032258
1224.0,2185.28125
1225.0,2244.2903225806454
1226.0,2238.0625
1227.0,2281.4375
1228.0,2325.46875
1229.0,2349.21875
1230.0,2364.4848484848485
1231.0,2405.28125
1232.0,2438.878787878788
1233.0,2476.09375
1234.0,2583.3870967741937
1235.0,2513.9375
1236.0,2596.8387096774195
1237.0,2597.3870967741937
1238.0,2567.3125
1239.0,2541.3939393939395
1240.0,2557.451612903226
1241.0,2559.9032258064517
1242.0,2487.548387096774
1243.0,2475.6774193548385
1244.0,2414.6875
1245.0,2447.9666666666667
1246.0,2394.8709677419356
1247.0,2260.46875
1248.0,2295.9333333333334
1249.0,2272.633333333333
1250.0,2213.896551724138
1251.0,2102.5
1252.0,2075.2758620689656
1253.0,2019.0
1254.0,1930.2333333333333
1255.0,1916.0689655172414
1256.0,1840.0689655172414
1257.0,1794.9655172413793
1258.0,1829.9642857142858
1259.0,1757.5172413793102
1260.0,1663.5483870967741
1261.0,1605.84375
1262.0,1634.8064516129032
1263.0,1678.6333333333334
1264.0,1625.5625
1265.0,1637.6875
1266.0,1654.21875
1267.0,1684.8125
1268.0,1727.2903225806451
1269.0,1695.78125
1270.0,1731.40625
1271.0,1795.2903225806451
1272.0,1762.7878787878788
1273.0,1788.90625
1274.0,1816.6060606060605
1275.0,1913.8333333333333
1276.0,1935.9354838709678
1277.0,1930.84375
1278.0,1928.0625
1279.0,1979.34375
1280.0,1940.4545454545455
1281.0,1997.40625
1282.0,1982.125
1283.0,2032.4516129032259
1284.0,2032.258064516129
1285.0,1997.6875
1286.0,1995.225806451613
1287.0,1993.5806451612902
1288.0,2012.0666666666666
1289.0,1983.741935483871
1290.0,1927.3225806451612
1291.0,1882.7096774193549
1292.0,1865.8709677419354
1293.0,1790.3125
1294.0,1796.4333333333334
1295.0,1727.225806451613
1296.0,1724.0689655172414
1297.0,1596.1612903225807
1298.0,1612.9666666666667
1299.0,1577.7586206896551
1300.0,1515.9666666666667
1301.0,1463.6206896551723
1302.0,1402.8666666666666
1303.0,1350.516129032258
1304.0,1337.1935483870968
1305.0,1286.4516129032259
1306.0,1273.2
1307.0,1286.2333333333333
1308.0,1250.1333333333334
1309.0,1165.060606060606
1310.0,1162.0
1311.0,1200.9354838709678
1312.0,1191.3125
1313.0,1179.5882352941176
1314.0,1188.8529411764705
1315.0,1225.060606060606
1316.0,1251.8125
1317.0,1225.4705882352941
1318.0,1248.7941176470588
1319.0,1305.4117647058824
1320.0,1352.2424242424242
1321.0,1345.235294117647
1322.0,1386.5
1323.0,1445.878787878788
1324.0,1481.5588235294117
1325.0,1568.3333333333333
1326.0,1648.969696969697
1327.0,1714.5757575757575
1328.0,1756.4117647058824
1329.0,1805.1714285714286
1330.0,1954.8823529411766
1331.0,2107.7272727272725
1332.0,2213.029411764706
1333.0,2423.909090909091
1334.0,2629.75
1335.0,2720.529411764706
1336.0,3087.78125
1337.0,3351.75
1338.0,3659.78125
1339.0,3982.71875
1340.0,4350.8125
1341.0,4822.8387096774195
1342.0,5199.25
1343.0,5576.121212121212
1344.0,6228.6875
1345.0,6876.40625
1346.0,7411.21875
1347.0,8056.3125
1348.0,8642.78125
1349.0,9146.30303030303
1350.0,9836.787878787878
1351.0,10374.363636363636
1352.0,11062.515151515152
1353.0,11677.60606060606
1354.0,12368.757575757576
1355.0,12945.636363636364
1356.0,13661.636363636364
1357.0,14415.060606060606
1358.0,15031.454545454546
1359.0,15686.121212121212
1360.0,16453.363636363636
1361.0,17083.636363636364
1362.0,18022.96875
1363.0,18345.030303030304
1364.0,19298.59375
1365.0,19682.40625
1366.0,20050.34375
1367.0,20322.9375
1368.0,20431.15625
1369.0,20483.46875
1370.0,20469.1875
1371.0,20216.3125
1372.0,20045.9375
1373.0,19746.6875
1374.0,19285.9375
1375.0,18872.71875
1376.0,18657.1935483871
1377.0,18400.033333333333
1378.0,17710.266666666666
1379.0,17018.633333333335
1380.0,16247.966666666667
1381.0,15407.5
1382.0,14854.793103448275
1383.0,13957.724137931034
1384.0,13004.448275862069
1385.0,12192.827586206897
1386.0,11334.034482758621
1387.0,10487.655172413793
1388.0,9819.551724137931
1389.0,9213.241379310344
1390.0,8415.4
1391.0,7995.133333333333
1392.0,7569.133333333333
1393.0,7293.1
1394.0,6948.466666666666
1395.0,6573.066666666667
1396.0,6289.6
1397.0,5953.566666666667
1398.0,5780.275862068966
1399.0,5366.633333333333
1400.0,5018.5161290322585
1401.0,4882.866666666667
1402.0,4605.633333333333
1403.0,4441.586206896552
1404.0,4173.793103448276
1405.0,3976.862068965517
1406.0,3737.551724137931
1407.0,3522.448275862069
1408.0,3377.5862068965516
1409.0,3176.9310344827586
1410.0,3014.5862068965516
1411.0,2918.2758620689656
1412.0,2672.0
1413.0,2627.6206896551726
1414.0,2474.6666666666665
1415.0,2414.8333333333335
1416.0,2332.1666666666665
1417.0,2223.3225806451615
1418.0,2252.3793103448274
1419.0,2155.6774193548385
1420.0,2078.548387096774
1421.0,2131.1666666666665
1422.0,2070.2
1423.0,2056.8709677419356
1424.0,2090.103448275862
1425.0,1997.8064516129032
1426.0,1937.909090909091
1427.0,1971.1290322580646
1428.0,1957.34375
1429.0,1979.84375
1430.0,2005.6774193548388
1431.0,2037.3225806451612
1432.0,1965.7575757575758
1433.0,1999.71875
1434.0,2031.71875
1435.0,2019.53125
1436.0,2030.625
1437.0,2132.9666666666667
1438.0,2111.1612903225805
1439.0,2116.75
1440.0,2122.21875
1441.0,2191.7096774193546
1442.0,2153.1875
1443.0,2189.2903225806454
1444.0,2259.064516129032
1445.0,2245.4193548387098
1446.0,2254.1935483870966
1447.0,2286.7096774193546
1448.0,2274.59375
1449.0,2344.451612903226
1450.0,2378.9032258064517
1451.0,2437.9
1452.0,2412.6129032258063
1453.0,2445.4193548387098
1454.0,2413.8387096774195
1455.0,2488.2
1456.0,2480.3548387096776
1457.0,2485.451612903226
1458.0,2522.451612903226
1459.0,2497.2903225806454
1460.0,2527.6451612903224
1461.0,2488.3125
1462.0,2605.5666666666666
1463.0,2653.137931034483
1464.0,2580.967741935484
1465.0,2571.7741935483873
1466.0,2652.4333333333334
1467.0,2639.2258064516127
1468.0,2584.7096774193546
1469.0,2610.8064516129034
1470.0,2653.633333333333
1471.0,2602.25
1472.0,2660.064516129032
1473.0,2602.03125
1474.0,2634.483870967742
1475.0,2636.6451612903224
1476.0,2666.8064516129034
1477.0,2658.46875
1478.0,2691.2903225806454
1479.0,2711.516129032258
1480.0,2699.90625
1481.0,2701.25
1482.0,2749.4193548387098
1483.0,2771.0967741935483
1484.0,2815.935483870968
1485.0,2850.8064516129034
1486.0,2833.78125
1487.0,2895.6129032258063
1488.0,2966.548387096774
1489.0,2961.6451612903224
1490.0,3006.516129032258
1491.0,3053.7419354838707
1492.0,3033.1875
1493.0,3147.633333333333
1494.0,3137.6451612903224
1495.0,3150.6451612903224
1496.0,3117.96875
1497.0,3156.451612903226
1498.0,3171.5625
1499.0,3135.75
1500.0,3220.375
1501.0,3329.7096774193546
1502.0,3269.8064516129034
1503.0,3270.375
1504.0,3266.2258064516127
1505.0,3284.0967741935483
1506.0,3346.206896551724
1507.0,3185.1935483870966
1508.0,3137.1612903225805
1509.0,3130.4333333333334
1510.0,3097.5333333333333
1511.0,2950.0333333333333
1512.0,2827.548387096774
1513.0,2723.967741935484
1514.0,2702.448275862069
1515.0,2553.4333333333334
1516.0,2424.4666666666667
1517.0,2321.0344827586205
1518.0,2220.2413793103447
1519.0,2092.5862068965516
1520.0,1968.7586206896551
1521.0,1829.0344827586207
1522.0,1719.0689655172414
1523.0,1596.392857142857
1524.0,1518.5555555555557
1525.0,1373.0357142857142
1526.0,1318.6153846153845
1527.0,1178.6785714285713
1528.0,1121.4642857142858
1529.0,1040.0714285714287
1530.0,1014.0384615384615
1531.0,952.2857142857143
1532.0,903.8965517241379
1533.0,879.2068965517242
1534.0,861.448275862069
1535.0,816.1935483870968
1536.0,811.0
1537.0,841.1481481481482
1538.0,756.516129032258
1539.0,769.551724137931
1540.0,750.0
1541.0,741.8333333333334
1542.0,728.7096774193549
1543.0,723.3333333333334
1544.0,706.3870967741935
1545.0,722.3103448275862
1546.0,726.1
1547.0,709.9354838709677
1548.0,696.3333333333334
1549.0,707.3
1550.0,683.3
1551.0,689.5333333333333
1552.0,673.9032258064516
1553.0,681.1
1554.0,674.3571428571429
1555.0,671.7
1556.0,688.8518518518518
1557.0,648.8
1558.0,674.9285714285714
1559.0,639.1034482758621
1560.0,658.0689655172414
1561.0,642.8333333333334
1562.0,646.551724137931
1563.0,648.7407407407408
1564.0,644.9655172413793
1565.0,642.2758620689655
1566.0,663.9310344827586
1567.0,623.125
1568.0,631.1666666666666
1569.0,640.1935483870968
1570.0,621.2903225806451
1571.0,637.7241379310345
1572.0,624.0
1573.0,611.15625
1574.0,627.6206896551724
1575.0,637.6551724137931
1576.0,617.5625
1577.0,629.0
1578.0,608.6060606060606
1579.0,631.3225806451613
1580.0,651.4444444444445
1581.0,620.9354838709677
1582.0,662.0
1583.0,662.8076923076923
1584.0,644.5333333333333
1585.0,619.8125
1586.0,641.6071428571429
1587.0,625.2258064516129
1588.0,640.6206896551724
1589.0,640.8620689655172
1590.0,641.516129032258
1591.0,639.5333333333333
1592.0,645.3448275862069
1593.0,617.0
1594.0,631.0322580645161
1595.0,643.0645161290323
1596.0,641.5806451612904
1597.0,630.6333333333333
1598.0,670.8888888888889
1599.0,668.25
1600.0,648.25
1601.0,638.1666666666666
1602.0,644.1724137931035
1603.0,655.3103448275862
1604.0,647.5333333333333
1605.0,623.7666666666667
1606.0,636.1333333333333
1607.0,666.25
1608.0,636.741935483871
1609.0,648.741935483871
1610.0,648.3870967741935
1611.0,635.40625
1612.0,664.0967741935484
1613.0,679.2758620689655
1614.0,664.5625
1615.0,683.0666666666667
1616.0,672.4375
1617.0,670.875
1618.0,685.71875
1619.0,707.5333333333333
1620.0,728.5666666666667
1621.0,740.6896551724138
1622.0,758.8965517241379
1623.0,750.9032258064516
1624.0,778.8
1625.0,786.3225806451613
1626.0,831.0344827586207
1627.0,816.5483870967741
1628.0,828.8709677419355
1629.0,879.4
1630.0,883.9333333333333
1631.0,905.2333333333333
1632.0,911.9677419354839
1633.0,906.6875
1634.0,960.1612903225806
1635.0,1005.5862068965517
1636.0,1015.4666666666667
1637.0,1007.5454545454545
1638.0,1056.3
1639.0,1080.5806451612902
1640.0,1115.0666666666666
1641.0,1124.741935483871
1642.0,1138.3
1643.0,1174.0
1644.0,1186.4827586206898
1645.0,1165.258064516129
1646.0,1197.9310344827586
1647.0,1171.4516129032259
1648.0,1182.2
1649.0,1178.5666666666666
1650.0,1130.625
1651.0,1153.4666666666667
1652.0,1102.78125
1653.0,1109.7666666666667
1654.0,1073.9333333333334
1655.0,1053.8709677419354
1656.0,1076.9310344827586
1657.0,1037.392857142857
1658.0,1021.3793103448276
1659.0,1024.892857142857
1660.0,946.5666666666667
1661.0,959.8928571428571
1662.0,932.074074074074
1663.0,905.6551724137931
1664.0,866.8333333333334
1665.0,869.3333333333334
1666.0,848.9310344827586
1667.0,809.551724137931
1668.0,819.7241379310345
1669.0,802.0
1670.0,771.7666666666667
1671.0,767.5666666666667
1672.0,759.3666666666667
1673.0,757.4827586206897
1674.0,758.8275862068965
1675.0,727.2903225806451
1676.0,729.0
1677.0,731.7142857142857
1678.0,721.7666666666667
1679.0,711.75
1680.0,705.7
1681.0,701.8333333333334
1682.0,698.3928571428571
1683.0,688.551724137931
1684.0,696.5185185185185
1685.0,656.7741935483871
1686.0,676.5172413793103
1687.0,686.7407407407408
1688.0,667.8965517241379
1689.0,665.8387096774194
1690.0,678.3928571428571
1691.0,659.3666666666667
1692.0,655.1
1693.0,650.6451612903226
1694.0,677.0357142857143
1695.0,656.6333333333333
1696.0,649.1290322580645
1697.0,652.9655172413793
1698.0,639.483870967742
1699.0,654.1034482758621
1700.0,657.1666666666666
1701.0,637.2258064516129
1702.0,643.6206896551724
1703.0,628.875
1704.0,647.483870967742
1705.0,655.3
1706.0,670.2068965517242
1707.0,645.2333333333333
1708.0,679.8214285714286
1709.0,681.8928571428571
1710.0,662.8387096774194
1711.0,679.7
1712.0,665.6333333333333
1713.0,690.6428571428571
1714.0,688.9655172413793
1715.0,688.8333333333334
1716.0,700.7333333333333
1717.0,688.34375
1718.0,691.15625
1719.0,735.551724137931
1720.0,724.8666666666667
1721.0,720.625
1722.0,734.125
1723.0,761.5806451612904
1724.0,773.7096774193549
1725.0,788.3
1726.0,786.3448275862069
1727.0,825.0714285714286
1728.0,801.0
1729.0,813.9032258064516
1730.0,801.9677419354839
1731.0,790.15625
1732.0,813.9032258064516
1733.0,814.0344827586207
1734.0,803.5666666666667
1735.0,787.8333333333334
1736.0,794.6428571428571
1737.0,751.15625
1738.0,761.0666666666667
1739.0,728.7096774193549
1740.0,738.7
1741.0,729.0344827586207
1742.0,700.2758620689655
1743.0,706.8518518518518
1744.0,693.6666666666666
1745.0,667.3214285714286
1746.0,658.4814814814815
1747.0,618.9310344827586
1748.0,612.3666666666667
1749.0,597.8666666666667
1750.0,606.2307692307693
1751.0,573.9333333333333
1752.0,609.84
1753.0,573.2333333333333
1754.0,556.125
1755.0,560.2068965517242
1756.0,577.2962962962963
1757.0,539.6
1758.0,529.3333333333334
1759.0,554.2142857142857
1760.0,543.6551724137931
1761.0,534.4545454545455
1762.0,553.0689655172414
1763.0,552.2068965517242
1764.0,557.3703703703703
1765.0,532.4545454545455
1766.0,521.741935483871
1767.0,539.551724137931
1768.0,531.78125
1769.0,534.3666666666667
1770.0,547.8709677419355
1771.0,555.2222222222222
1772.0,525.5
1773.0,538.3666666666667
1774.0,522.1388888888889
1775.0,525.1428571428571
1776.0,543.2592592592592
1777.0,511.25714285714287
1778.0,502.7435897435897
1779.0,522.2
1780.0,512.2727272727273
1781.0,509.44117647058823
1782.0,537.6785714285714
1783.0,535.1785714285714
1784.0,506.375
1785.0,486.89473684210526
1786.0,503.4848484848485
1787.0,498.7567567567568
1788.0,506.7586206896552
1789.0,497.625
1790.0,506.34375
1791.0,522.8333333333334
1792.0,503.65625
1793.0,476.45
1794.0,477.2105263157895
1795.0,500.46666666666664
1796.0,484.45
1797.0,455.54716981132077
1798.0,475.6756756756757
1799.0,479.7
1800.0,484.7837837837838
1801.0,497.4193548387097
1802.0,482.675
1803.0,494.0
1804.0,493.258064516129
1805.0,476.1621621621622
1806.0,475.6756756756757
1807.0,495.6666666666667
1808.0,494.0
1809.0,473.6875
1810.0,470.7073170731707
1811.0,462.6521739130435
1812.0,465.1041666666667
1813.0,501.6551724137931
1814.0,455.72
1815.0,496.8666666666667
1816.0,499.6
1817.0,507.84375
1818.0,480.05
1819.0,484.86486486486484
1820.0,460.86
1821.0,483.7837837837838
1822.0,470.875
1823.0,478.1666666666667
1824.0,465.0731707317073
1825.0,490.75757575757575
1826.0,472.5121951219512
1827.0,470.25581395348837
1828.0,468.06976744186045
1829.0,496.43333333333334
1830.0,446.37931034482756
1831.0,481.6666666666667
1832.0,472.2142857142857
1833.0,465.1951219512195
1834.0,443.48387096774195
1835.0,469.35135135135135
1836.0,484.5
1837.0,457.25
1838.0,455.03921568627453
1839.0,488.5
1840.0,460.1
1841.0,479.0285714285714
1842.0,497.28125
1843.0,487.3333333333333
1844.0,498.0
1845.0,531.12
1846.0,499.25
1847.0,494.8709677419355
1848.0,499.70588235294116
1849.0,497.5882352941176
1850.0,496.0
1851.0,489.2
1852.0,501.93548387096774
1853.0,490.0
1854.0,504.6896551724138
1855.0,499.85714285714283
1856.0,504.6857142857143
1857.0,453.46666666666664
1858.0,516.9655172413793
1859.0,465.64444444444445
1860.0,524.1851851851852
1861.0,493.2258064516129
1862.0,509.73333333333335
1863.0,518.7142857142857
1864.0,492.85714285714283
1865.0,494.25
1866.0,505.75757575757575
1867.0,530.2962962962963
1868.0,483.1951219512195
1869.0,504.6969696969697
1870.0,488.5
1871.0,514.21875
1872.0,500.0285714285714
1873.0,483.15
1874.0,509.8
1875.0,510.1714285714286
1876.0,505.8378378378378
1877.0,512.4117647058823
1878.0,536.448275862069
1879.0,545.2857142857143
1880.0,547.5333333333333
1881.0,543.59375
1882.0,528.6571428571428
1883.0,570.6206896551724
1884.0,573.6896551724138
1885.0,565.6774193548387
1886.0,615.1
1887.0,597.448275862069
1888.0,625.8275862068965
1889.0,624.53125
1890.0,644.2333333333333
1891.0,634.4848484848485
1892.0,648.5
1893.0,684.8333333333334
1894.0,690.4666666666667
1895.0,704.1
1896.0,696.59375
1897.0,735.0689655172414
1898.0,747.9032258064516
1899.0,745.4333333333333
1900.0,751.5483870967741
1901.0,753.75
1902.0,801.551724137931
1903.0,800.3448275862069
1904.0,795.2
1905.0,812.4827586206897
1906.0,825.0666666666667
1907.0,833.9642857142857
1908.0,820.0344827586207
1909.0,803.4516129032259
1910.0,805.7586206896551
1911.0,793.5806451612904
1912.0,753.1290322580645
1913.0,775.8387096774194
1914.0,744.5333333333333
1915.0,739.4333333333333
1916.0,754.2413793103449
1917.0,705.7741935483871
1918.0,689.2666666666667
1919.0,674.4
1920.0,685.8214285714286
1921.0,645.551724137931
1922.0,633.7407407407408
1923.0,618.8888888888889
1924.0,632.12
1925.0,589.5357142857143
1926.0,589.0769230769231
1927.0,580.6666666666666
1928.0,559.4444444444445
1929.0,540.625
1930.0,559.5862068965517
1931.0,526.0625
1932.0,554.8333333333334
1933.0,546.1612903225806
1934.0,548.25
1935.0,559.9032258064516
1936.0,565.1935483870968
1937.0,581.4137931034483
1938.0,578.0967741935484
1939.0,604.5714285714286
1940.0,625.8928571428571
1941.0,605.0909090909091
1942.0,637.516129032258
1943.0,632.0
1944.0,685.8620689655172
1945.0,678.8064516129032
1946.0,713.1333333333333
1947.0,736.0333333333333
1948.0,759.7096774193549
1949.0,767.6129032258065
1950.0,804.2903225806451
1951.0,850.6
1952.0,878.4137931034483
1953.0,865.9677419354839
1954.0,932.9666666666667
1955.0,953.0
1956.0,949.5483870967741
1957.0,981.4333333333333
1958.0,1010.4137931034483
1959.0,1017.8333333333334
1960.0,1051.6
1961.0,1081.1666666666667
1962.0,1074.6774193548388
1963.0,1126.8275862068965
1964.0,1114.5
1965.0,1162.4516129032259
1966.0,1201.0
1967.0,1234.896551724138
1968.0,1237.0689655172414
1969.0,1261.7931034482758
1970.0,1266.896551724138
1971.0,1241.4137931034484
1972.0,1206.7096774193549
1973.0,1213.1379310344828
1974.0,1149.6451612903227
1975.0,1169.9655172413793
1976.0,1111.7
1977.0,1098.1
1978.0,1040.4827586206898
1979.0,1007.7096774193549
1980.0,1013.1785714285714
1981.0,947.2758620689655
1982.0,909.0
1983.0,868.0370370370371
1984.0,800.5714285714286
1985.0,807.0
1986.0,764.4782608695652
1987.0,701.6
1988.0,656.4347826086956
1989.0,568.2222222222222
1990.0,556.7619047619048
1991.0,484.17857142857144
1992.0,416.65060240963857
1993.0,413.0
1994.0,404.4920634920635
1995.0,416.55384615384617
1996.0,395.2707182320442
1997.0,404.6465517241379
1998.0,449.05882352941177
1999.0,423.81666666666666
2000.0,402.19166666666666
2001.0,414.11650485436894
2002.0,431.47457627118644
2003.0,429.2328767123288
2004.0,436.140350877193
2005.0,423.65060240963857
2006.0,495.3333333333333
2007.0,479.0238095238095
2008.0,482.225
2009.0,529.6296296296297
2010.0,511.77142857142854
2011.0,529.8125
2012.0,553.9666666666667
2013.0,579.7096774193549
2014.0,590.060606060606
2015.0,629.7241379310345
2016.0,646.2333333333333
2017.0,658.8333333333334
2018.0,689.7741935483871
2019.0,730.5806451612904
2020.0,775.4
2021.0,814.0666666666667
2022.0,870.5333333333333
2023.0,936.5172413793103
2024.0,941.3333333333334
2025.0,1004.3
2026.0,1056.4333333333334
2027.0,1140.7666666666667
2028.0,1165.3225806451612
2029.0,1229.8064516129032
2030.0,1279.8125
2031.0,1378.032258064516
2032.0,1427.741935483871
2033.0,1448.375
2034.0,1534.6774193548388
2035.0,1614.1935483870968
2036.0,1712.8709677419354
2037.0,1794.6333333333334
2038.0,1836.6451612903227
2039.0,1964.9666666666667
2040.0,2027.1333333333334
2041.0,2086.4666666666667
2042.0,2119.4666666666667
2043.0,2162.9666666666667
2044.0,2117.84375
2045.0,2145.935483870968
2046.0,2148.7419354838707
2047.0,2180.2258064516127
2048.0,2126.4193548387098
2049.0,2113.032258064516
2050.0,2188.448275862069
2051.0,2162.2758620689656
2052.0,2060.548387096774
2053.0,2017.5806451612902
2054.0,2070.7241379310344
2055.0,2043.9655172413793
2056.0,1959.7931034482758
2057.0,1977.1785714285713
2058.0,1930.857142857143
2059.0,1876.9285714285713
2060.0,1867.6538461538462
2061.0,1747.037037037037
2062.0,1638.3793103448277
2063.0,1557.7241379310344
2064.0,1536.5357142857142
2065.0,1520.607142857143
2066.0,1424.9310344827586
2067.0,1420.551724137931
2068.0,1416.0714285714287
2069.0,1312.3870967741937
2070.0,1324.2666666666667
2071.0,1335.5862068965516
2072.0,1307.2413793103449
2073.0,1331.3214285714287
2074.0,1322.4074074074074
2075.0,1283.2142857142858
2076.0,1233.3333333333333
2077.0,1227.6896551724137
2078.0,1244.142857142857
2079.0,1205.3333333333333
2080.0,1177.5666666666666
2081.0,1187.9666666666667
2082.0,1157.3333333333333
2083.0,1185.4642857142858
2084.0,1157.0344827586207
2085.0,1177.2857142857142
2086.0,1152.9642857142858
2087.0,1144.107142857143
2088.0,1069.8666666666666
2089.0,1055.1612903225807
2090.0,1042.7931034482758
2091.0,1009.0344827586207
2092.0,968.6666666666666
2093.0,948.0357142857143
2094.0,921.3214285714286
2095.0,881.5357142857143
2096.0,885.1923076923077
2097.0,856.1923076923077
2098.0,806.36
2099.0,749.6153846153846
2100.0,713.6923076923077
2101.0,669.08
2102.0,646.0
2103.0,603.4615384615385
2104.0,572.9615384615385
2105.0,536.7857142857143
2106.0,524.1071428571429
2107.0,508.35714285714283
2108.0,455.5744680851064
2109.0,450.0217391304348
2110.0,431.5833333333333
2111.0,409.7047619047619
2112.0,418.90697674418607
2113.0,409.1931818181818
2114.0,409.67058823529413
2115.0,398.07586206896553
2116.0,395.0359712230216
2117.0,390.7577639751553
2118.0,379.05479452054794
2119.0,386.6243654822335
2120.0,379.4760273972603
2121.0,374.83175355450237
2122.0,378.11340206185565
2123.0,371.86682808716705
2124.0,375.4097859327217
2125.0,383.78743961352654
2126.0,377.8174157303371
2127.0,376.9789473684211
2128.0,379.08923076923077
2129.0,375.5803357314149
2130.0,381.79282868525894
2131.0,374.2969121140143
2132.0,382.6142857142857
2133.0,374.02031602708803
2134.0,376.58663366336634
2135.0,386.16279069767444
2136.0,375.55799373040753
2137.0,378.0741758241758
2138.0,379.0474683544304
2139.0,371.17436974789916
2140.0,376.1924198250729
2141.0,377.7362637362637
2142.0,373.3532608695652
2143.0,381.7153846153846
2144.0,374.0527704485488
2145.0,386.05128205128204
2146.0,375.33663366336634
2147.0,373.32107843137254
2148.0,379.9560810810811
2149.0,374.86146095717885
2150.0,376.0547619047619
2151.0,376.4347826086956
2152.0,373.5
2153.0,375.43582887700535
2154.0,377.5784615384615
2155.0,379.2625
2156.0,380.83629893238435
2157.0,373.1606334841629
2158.0,376.228855721393
2159.0,375.87031700288185
2160.0,391.9142857142857
2161.0,377.99402985074624
2162.0,384.271186440678
2163.0,384.7280701754386
2164.0,389.1904761904762
2165.0,386.5112359550562
2166.0,389.54411764705884
2167.0,401.8333333333333
2168.0,387.21256038647346
2169.0,388.70283018867923
2170.0,397.158273381295
2171.0,402.864
2172.0,421.2835820895522
2173.0,400.81538461538463
2174.0,429.8709677419355
2175.0,438.35714285714283
2176.0,421.4938271604938
2177.0,453.3404255319149
2178.0,448.2931034482759
2179.0,486.2857142857143
2180.0,474.22727272727275
2181.0,507.93333333333334
2182.0,525.7741935483871
2183.0,529.9354838709677
2184.0,550.0344827586207
2185.0,553.7586206896551
2186.0,576.3461538461538
2187.0,565.7857142857143
2188.0,558.5
2189.0,571.2222222222222
2190.0,548.9310344827586
2191.0,547.3030303030303
2192.0,527.0294117647059
2193.0,546.3666666666667
2194.0,532.6129032258065
2195.0,524.8787878787879
2196.0,501.3333333333333
2197.0,508.6
2198.0,520.8666666666667
2199.0,504.56666666666666
2200.0,494.6
2201.0,437.8135593220339
2202.0,437.7857142857143
2203.0,427.07042253521126
2204.0,406.9782608695652
2205.0,412.85714285714283
2206.0,414.47297297297297
2207.0,396.7079646017699
2208.0,395.6016260162602
2209.0,377.02785515320335
2210.0,376.5208333333333
2211.0,378.0671834625323
2212.0,374.36179775280897
2213.0,375.4457013574661
2214.0,378.0574018126888
2215.0,372.296875
2216.0,376.2932551319648
2217.0,379.22903225806454
2218.0,371.80405405405406
2219.0,374.50452488687785
2220.0,375.5831202046036
2221.0,375.98053527980534
2222.0,372.71679197994985
2223.0,376.2268656716418
2224.0,372.19870410367173
2225.0,379.34057971014494
2226.0,379.7842565597668
2227.0,375.23799582463465
2228.0,375.60532687651335
2229.0,374.4187643020595
2230.0,378.1712158808933
2231.0,379.478835978836
2232.0,380.8541666666667
2233.0,377.9166666666667
2234.0,382.4089219330855
2235.0,379.2744565217391
2236.0,390.0271739130435
2237.0,387.7217391304348
2238.0,391.55801104972375
2239.0,409.48192771084337
2240.0,404.6821705426357
2241.0,445.43589743589746
2242.0,455.84090909090907
2243.0,479.5833333333333
2244.0,483.025
2245.0,550.5
2246.0,576.0
2247.0,594.9629629629629
2248.0,647.6551724137931
2249.0,716.48
2250.0,717.551724137931
2251.0,774.6206896551724
2252.0,813.0
2253.0,840.9655172413793
2254.0,864.0322580645161
2255.0,944.7586206896551
2256.0,948.1290322580645
2257.0,1021.0344827586207
2258.0,1039.53125
2259.0,1117.5666666666666
2260.0,1162.4516129032259
2261.0,1235.8275862068965
2262.0,1280.9655172413793
2263.0,1344.9333333333334
2264.0,1387.9333333333334
2265.0,1435.8333333333333
2266.0,1508.607142857143
2267.0,1478.8666666666666
2268.0,1514.0689655172414
2269.0,1485.7
2270.0,1472.4
2271.0,1441.7241379310344
2272.0,1400.7333333333333
2273.0,1358.6666666666667
2274.0,1324.6333333333334
2275.0,1328.4827586206898
2276.0,1258.9285714285713
2277.0,1230.3214285714287
2278.0,1132.9642857142858
2279.0,1099.0714285714287
2280.0,1045.5555555555557
2281.0,949.9642857142857
2282.0,931.88
2283.0,859.8
2284.0,816.1739130434783
2285.0,765.5714285714286
2286.0,675.45
2287.0,568.9545454545455
2288.0,517.2083333333334
2289.0,422.28985507246375
2290.0,396.0066225165563
2291.0,392.0718232044199
2292.0,397.7463768115942
2293.0,382.7193548387097
2294.0,391.71527777777777
2295.0,379.10764872521247
2296.0,383.83730158730157
2297.0,385.0748031496063
2298.0,391.33142857142855
2299.0,382.41269841269843
2300.0,382.5917602996255
2301.0,385.58921161825725
2302.0,382.80350877192984
2303.0,388.1183431952663
2304.0,381.41875
2305.0,380.62831858407077
2306.0,378.66285714285715
2307.0,382.0772357723577
2308.0,374.64150943396226
2309.0,375.68194070080864
2310.0,376.9845758354756
2311.0,377.7840616966581
2312.0,385.5
2313.0,378.8955223880597
2314.0,385.27
2315.0,376.5408163265306
2316.0,375.51025641025643
2317.0,383.33730158730157
2318.0,384.676
2319.0,382.1609589041096
2320.0,381.9145569620253
2321.0,384.91634980988596
2322.0,390.1095890410959
2323.0,403.6216216216216
2324.0,408.1826923076923
2325.0,408.3833333333333
2326.0,441.8867924528302
2327.0,426.0394736842105
2328.0,451.08
2329.0,490.2647058823529
2330.0,538.5714285714286
2331.0,589.8620689655172
2332.0,587.1724137931035
2333.0,627.5
2334.0,666.9666666666667
2335.0,735.2413793103449
2336.0,767.0
2337.0,853.6428571428571
2338.0,895.4827586206897
2339.0,935.2068965517242
2340.0,1019.9310344827586
2341.0,1064.4333333333334
2342.0,1182.5714285714287
2343.0,1239.1
2344.0,1273.483870967742
2345.0,1359.9032258064517
2346.0,1417.25
2347.0,1509.225806451613
2348.0,1640.6333333333334
2349.0,1712.2666666666667
2350.0,1882.3793103448277
2351.0,1929.2068965517242
2352.0,1983.1379310344828
2353.0,1989.2333333333333
2354.0,2114.6428571428573
2355.0,2074.0333333333333
2356.0,2235.035714285714
2357.0,2149.0
2358.0,2248.793103448276
2359.0,2141.9333333333334
2360.0,2084.967741935484
2361.0,2155.9655172413795
2362.0,2118.5862068965516
2363.0,2092.3214285714284
2364.0,1965.448275862069
2365.0,1862.8620689655172
2366.0,1819.4642857142858
2367.0,1709.392857142857
2368.0,1634.2857142857142
2369.0,1506.0
2370.0,1454.8148148148148
2371.0,1337.0
2372.0,1230.5
2373.0,1075.9259259259259
2374.0,998.2692307692307
2375.0,910.2
2376.0,833.16
2377.0,766.0434782608696
2378.0,717.7142857142857
2379.0,627.7142857142857
2380.0,542.6521739130435
2381.0,442.7173913043478
2382.0,413.3658536585366
2383.0,387.4736842105263
2384.0,377.9808219178082
2385.0,379.89240506329116
2386.0,374.30982367758185
2387.0,373.1478260869565
2388.0,373.2635294117647
2389.0,375.88169642857144
2390.0,372.2328767123288
2391.0,375.7217391304348
2392.0,375.0761421319797
2393.0,373.324200913242
2394.0,373.7469879518072
2395.0,373.12931034482756
2396.0,373.4714285714286
2397.0,375.82876712328766
2398.0,377.01851851851853
2399.0,379.1220238095238
2400.0,379.2144927536232
2401.0,382.13574660633486
2402.0,371.51797040169134
2403.0,374.4195804195804
2404.0,375.6706231454006
2405.0,373.04282655246254
2406.0,374.970189701897
2407.0,375.546875
2408.0,373.9975369458128
2409.0,377.2564102564103
2410.0,383.9528985507246
2411.0,383.7455089820359
2412.0,389.21465968586386
2413.0,393.3611111111111
2414.0,407.75
2415.0,417.0693069306931
2416.0,427.03846153846155
2417.0,462.1923076923077
2418.0,502.02702702702703
2419.0,530.1714285714286
2420.0,565.6857142857143
2421.0,641.1724137931035
2422.0,679.483870967742
2423.0,720.8333333333334
2424.0,801.6896551724138
2425.0,837.125
2426.0,996.0689655172414
2427.0,1072.7666666666667
2428.0,1215.9285714285713
2429.0,1343.0
2430.0,1362.15625
2431.0,1551.2068965517242
2432.0,1659.7
2433.0,1812.896551724138
2434.0,1921.5
2435.0,2057.3333333333335
2436.0,2184.6
2437.0,2323.5666666666666
2438.0,2472.233333333333
2439.0,2627.4333333333334
2440.0,2750.0
2441.0,3039.0689655172414
2442.0,3151.1724137931033
2443.0,3354.448275862069
2444.0,3490.1724137931033
2445.0,3523.0333333333333
2446.0,3630.448275862069
2447.0,3558.0333333333333
2448.0,3571.9666666666667
2449.0,3568.206896551724
2450.0,3445.3793103448274
2451.0,3306.866666666667
2452.0,3177.1612903225805
2453.0,3046.451612903226
2454.0,3036.0666666666666
2455.0,2854.9
2456.0,2817.6071428571427
2457.0,2602.3571428571427
2458.0,2433.714285714286
2459.0,2330.8846153846152
2460.0,2135.423076923077
2461.0,1962.08
2462.0,1802.7083333333333
2463.0,1645.2608695652175
2464.0,1426.7727272727273
2465.0,1192.7619047619048
2466.0,951.3
2467.0,748.6
2468.0,595.15
2469.0,477.625
2470.0,434.5625
2471.0,407.19354838709677
2472.0,387.66829268292685
2473.0,384.74901960784314
2474.0,387.5144230769231
2475.0,380.5524691358025
2476.0,384.824
2477.0,380.63823529411764
2478.0,385.1636363636364
2479.0,392.1657142857143
2480.0,400.9389312977099
2481.0,392.13471502590676
2482.0,396.78014184397165
2483.0,420.84285714285716
2484.0,407.0851063829787
2485.0,454.4313725490196
2486.0,465.47727272727275
2487.0,508.4
2488.0,546.7333333333333
2489.0,602.5555555555555
2490.0,644.6923076923077
2491.0,686.2962962962963
2492.0,715.3666666666667
2493.0,788.25
2494.0,799.1333333333333
2495.0,865.0
2496.0,921.8965517241379
2497.0,976.7931034482758
2498.0,1032.9310344827586
2499.0,1058.4666666666667
2500.0,1122.7586206896551
2501.0,1220.7241379310344
2502.0,1254.1724137931035
2503.0,1292.0333333333333
2504.0,1387.0
2505.0,1434.8275862068965
2506.0,1544.0
2507.0,1614.8214285714287
2508.0,1701.107142857143
2509.0,1706.5
2510.0,1691.103448275862
2511.0,1676.551724137931
2512.0,1648.896551724138
2513.0,1598.2333333333333
2514.0,1537.7096774193549
2515.0,1514.9666666666667
2516.0,1454.5
2517.0,1409.2
2518.0,1384.551724137931
2519.0,1315.0
2520.0,1246.8333333333333
2521.0,1196.857142857143
2522.0,1131.1851851851852
2523.0,1043.5357142857142
2524.0,1009.8
2525.0,935.28
2526.0,899.2272727272727
2527.0,801.3333333333334
2528.0,727.2
2529.0,625.05
2530.0,528.7826086956521
2531.0,436.0869565217391
2532.0,392.0625
2533.0,379.50467289719626
2534.0,375.80396475770925
2535.0,377.58953168044076
2536.0,370.3107822410148
2537.0,377.9926108374384
2538.0,373.22654462242565
2539.0,375.80299785867237
2540.0,375.9947368421053
2541.0,373.6902286902287
2542.0,376.7286063569682
2543.0,377.09183673469386
2544.0,374.7493261455526
2545.0,377.4971098265896
2546.0,372.296875
2547.0,378.13428571428574
2548.0,379.2
2549.0,372.42827442827445
2550.0,373.3259423503326
2551.0,373.0426966292135
2552.0,374.52912621359224
2553.0,375.1569086651054
2554.0,381.85632183908046
2555.0,371.9368191721133
2556.0,374.99506172839506
2557.0,372.4794188861986
2558.0,378.32682926829267
2559.0,376.7709923664122
2560.0,374.0872483221477
2561.0,377.16712328767125
2562.0,376.072
2563.0,374.22222222222223
2564.0,379.7874659400545
2565.0,373.01132075471696
2566.0,375.3708439897698
2567.0,372.52410901467505
2568.0,374.8074074074074
2569.0,377.3917274939173
2570.0,379.5959595959596
2571.0,373.67699115044246
2572.0,383.1391304347826
2573.0,376.5558583106267
2574.0,375.30858468677496
2575.0,374.53132250580046
2576.0,371.86486486486484
2577.0,372.72222222222223
2578.0,374.3010989010989
2579.0,378.79383886255926
2580.0,376.1256038647343
2581.0,377.40314136125653
2582.0,374.7845528455285
2583.0,377.94736842105266
2584.0,375.4659949622166
2585.0,376.56388888888887
2586.0,373.18367346938777
2587.0,378.1020408163265
2588.0,372.94536817102136
2589.0,374.062656641604
2590.0,373.56344086021505
2591.0,376.65945945945947
2592.0,374.7668269230769
2593.0,375.93039443155453
2594.0,374.936
2595.0,378.62613981762917
2596.0,378.4567901234568
2597.0,375.59914712153517
2598.0,373.3214990138067
2599.0,374.6382428940569
2600.0,375.72035794183444
2601.0,375.868154158215
2602.0,370.5569105691057
2603.0,377.9154228855721
2604.0,377.4301994301994
2605.0,378.50502512562815
2606.0,375.0744416873449
2607.0,375.8686327077748
2608.0,381.3128834355828
2609.0,377.2069892473118
2610.0,378.1807228915663
2611.0,380.3172205438066
2612.0,380.98338870431894
2613.0,378.31549295774647
2614.0,378.7035175879397
2615.0,376.15023474178406
2616.0,373.33265720081135
2617.0,375.78054298642536
2618.0,375.26429980276134
2619.0,382.29924242424244
2620.0,377.5198863636364
2621.0,377.5895765472313
2622.0,375.2972972972973
2623.0,373.0040650406504
2624.0,380.69888475836433
2625.0,375.7076923076923
2626.0,376.7325581395349
2627.0,377.6111111111111
2628.0,377.7982195845697
2629.0,377.78409090909093
2630.0,382.15960912052117
2631.0,374.90796019900495
2632.0,379.4017857142857
2633.0,373.76789587852494
2634.0,376.21545667447305
2635.0,375.80095923261393
2636.0,378.4903381642512
2637.0,375.67676767676767
2638.0,380.27272727272725
2639.0,379.3340707964602
2640.0,383.73040752351096
2641.0,377.17164179104475
2642.0,379.34871794871793
2643.0,391.2443438914027
2644.0,393.44239631336404
2645.0,424.92857142857144
2646.0,401.7251908396947
2647.0,417.2736842105263
2648.0,443.61290322580646
2649.0,475.7435897435897
2650.0,510.0625
2651.0,552.3333333333334
2652.0,597.5
2653.0,621.3793103448276
2654.0,659.8620689655172
2655.0,700.0322580645161
2656.0,731.4666666666667
2657.0,760.6206896551724
2658.0,803.4333333333333
2659.0,811.78125
2660.0,897.8275862068965
2661.0,931.2333333333333
2662.0,988.9310344827586
2663.0,1064.642857142857
2664.0,1073.2903225806451
2665.0,1177.2068965517242
2666.0,1278.148148148148
2667.0,1329.148148148148
2668.0,1325.9310344827586
2669.0,1340.0344827586207
2670.0,1395.25
2671.0,1349.9666666666667
2672.0,1295.4666666666667
2673.0,1325.7857142857142
2674.0,1301.2333333333333
2675.0,1221.7096774193549
2676.0,1234.2413793103449
2677.0,1191.551724137931
2678.0,1167.5862068965516
2679.0,1084.3333333333333
2680.0,1088.25
2681.0,1075.6296296296296
2682.0,1041.7037037037037
2683.0,959.2307692307693
2684.0,903.8076923076923
2685.0,864.16
2686.0,861.1739130434783
2687.0,795.0454545454545
2688.0,730.6
2689.0,684.7826086956521
2690.0,624.75
2691.0,612.8888888888889
2692.0,601.0
2693.0,610.4
2694.0,649.8275862068965
2695.0,673.6551724137931
2696.0,728.551724137931
2697.0,773.7666666666667
2698.0,821.8275862068965
2699.0,884.9310344827586
2700.0,942.5
2701.0,1009.2333333333333
2702.0,1110.6206896551723
2703.0,1177.0689655172414
2704.0,1279.2142857142858
2705.0,1285.9032258064517
2706.0,1452.607142857143
2707.0,1471.2333333333333
2708.0,1627.2142857142858
2709.0,1732.0
2710.0,1693.2
2711.0,1832.3103448275863
2712.0,1952.5357142857142
2713.0,1968.5714285714287
2714.0,2044.5
2715.0,2165.214285714286
2716.0,2218.259259259259
2717.0,2105.862068965517
2718.0,2092.0689655172414
2719.0,2030.9666666666667
2720.0,2090.8928571428573
2721.0,1919.2758620689656
2722.0,1896.6206896551723
2723.0,1837.655172413793
2724.0,1785.4285714285713
2725.0,1715.7857142857142
2726.0,1611.0357142857142
2727.0,1530.6296296296296
2728.0,1461.9259259259259
2729.0,1358.8461538461538
2730.0,1229.576923076923
2731.0,1145.44
2732.0,1050.0
2733.0,961.0
2734.0,879.0869565217391
2735.0,774.1363636363636
2736.0,710.3333333333334
2737.0,607.05
2738.0,532.0909090909091
2739.0,420.98571428571427
2740.0,411.3
2741.0,388.3115384615385
2742.0,383.9
2743.0,385.83393501805057
2744.0,388.87142857142857
2745.0,379.5240506329114
2746.0,392.4139784946237
2747.0,387.44200626959247
2748.0,391.14942528735634
